,RESI,Aw1,Aw2,Bw1,Bw2,refw1,refw2
0,2.0,14.476,0.629,14.373,0.592,14.473,0.595
1,5.0,13.159,0.875,13.145,0.873,13.138,0.866
2,6.1,22.942,0.62,22.937,0.613,22.955,0.618
3,6.2,25.419,0.78,25.285,0.8,25.419,0.78
4,11.0,14.167,0.753,14.178,0.784,14.199,0.75
5,17.1,25.764,0.795,25.763,0.819,25.755,0.795
6,17.2,23.507,0.939,23.554,0.944,23.51,0.939
7,19.1,23.69,0.758,23.813,0.802,23.654,0.765
8,24.0,13.922,0.864,13.94,0.867,13.954,0.854
9,25.1,20.375,0.789,20.372,0.802,20.398,0.789
10,25.2,20.818,0.779,20.736,0.781,20.827,0.776
11,26.0,11.219,0.434,11.309,0.429,11.153,0.424
12,31.0,14.84,0.589,14.845,0.587,14.854,0.588
13,36.1,21.681,0.981,21.691,0.985,21.678,0.979
14,36.2,23.362,1.151,23.344,1.139,23.369,1.15
15,40.1,21.343,1.06,21.348,1.063,21.344,1.054
16,40.2,23.571,1.192,23.557,1.194,23.561,1.187
17,44.1,21.71,0.568,21.761,0.578,21.694,0.557
18,54.1,26.135,0.961,25.979,0.966,26.137,0.957
19,54.2,23.025,1.02,22.8,1.074,22.979,1.028
20,57.0,13.474,0.613,13.301,0.637,13.518,0.617
21,72.0,12.654,0.628,12.67,0.644,12.496,0.635
22,77.0,13.303,0.789,13.292,0.788,13.299,0.784
23,79.1,23.507,0.795,23.298,0.802,23.484,0.806
24,80.1,26.464,0.944,26.466,0.947,26.465,0.941
25,80.2,24.344,0.906,24.358,0.912,24.234,0.905
26,85.1,24.63,0.926,24.503,0.911,24.622,0.924
27,87.0,23.018,0.834,23.038,0.834,23.11,0.847
28,89.0,14.154,0.512,14.186,0.523,14.132,0.51
29,90.0,13.858,1.006,13.873,1.01,13.868,1.005
30,92.1,26.691,0.907,26.672,0.913,26.71,0.904
31,92.2,22.561,0.813,22.626,0.82,22.554,0.814
32,93.0,14.375,0.696,14.377,0.684,14.332,0.683
33,107.1,21.43,0.861,21.531,0.87,21.393,0.856
34,107.2,23.751,0.928,23.702,0.938,23.74,0.929
35,108.0,10.825,0.687,10.748,0.692,10.662,0.678
36,115.1,25.502,0.767,25.468,0.786,25.572,0.771
37,115.2,23.084,0.885,23.068,0.877,23.044,0.878
38,118.1,22.424,0.85,22.406,0.854,22.425,0.848
39,118.2,26.282,0.937,26.308,0.957,26.24,0.94
40,123.1,25.998,0.91,26.157,0.966,26.018,0.897
41,130.1,22.258,0.871,22.106,0.883,22.194,0.87
42,130.2,23.369,0.985,23.404,0.961,23.371,0.961
43,133.0,14.643,0.702,14.791,0.706,14.676,0.682
44,137.1,22.005,0.927,21.912,0.935,21.899,0.93
45,137.2,25.584,0.988,25.541,0.987,25.509,0.985
46,138.1,25.712,0.99,25.616,1.0,25.681,0.994
47,138.2,24.472,0.987,24.559,0.987,24.347,0.978
48,141.0,14.6,0.919,14.655,0.922,14.654,0.919
49,142.1,26.222,0.843,26.26,0.857,26.217,0.837
50,142.2,22.815,0.971,22.817,0.971,22.849,0.96
51,144.1,21.446,0.83,21.4,0.841,21.453,0.824
52,144.2,26.319,0.89,26.313,0.89,26.337,0.884
53,146.0,13.087,0.753,13.06,0.758,12.957,0.743
54,147.0,12.663,0.76,12.575,0.804,12.742,0.754
55,152.0,13.646,0.808,13.763,0.801,13.631,0.806
56,156.2,17.657,0.811,21.895,0.761,21.741,0.775
57,156.2,21.907,0.765,17.434,0.769,17.584,0.784
58,157.0,13.458,0.361,13.446,0.383,13.541,0.361
59,159.2,20.905,0.684,20.903,0.684,20.932,0.679
60,163.2,23.932,0.683,24.039,0.704,24.216,0.672
61,173.1,22.108,0.961,21.868,0.912,22.085,0.945
62,176.2,22.124,0.51,21.952,0.515,21.885,0.498
63,177.2,21.503,0.726,21.604,0.748,21.558,0.734
64,180.0,16.415,0.642,16.726,0.645,16.477,0.637
65,192.0,14.643,0.702,13.056,0.712,14.676,0.682
66,199.1,23.286,0.631,23.231,0.627,23.285,0.628
67,199.2,19.55,0.751,19.698,0.779,19.556,0.744
68,202.0,13.462,0.591,13.492,0.577,13.431,0.586
69,203.1,19.897,0.737,19.566,0.621,19.974,0.766
70,203.2,17.302,0.397,17.334,0.4,17.335,0.394
71,208.1,22.938,0.7,23.047,0.724,22.967,0.696
72,212.1,22.933,0.801,22.933,0.861,22.939,0.808
73,212.2,22.53,0.736,22.485,0.737,22.568,0.732
74,218.1,25.724,0.516,25.616,0.547,25.73,0.511
75,218.2,25.054,0.701,25.034,0.741,25.033,0.694
76,219.0,14.913,0.444,14.951,0.458,14.903,0.447
77,220.1,25.091,0.697,25.191,0.63,25.038,0.696
78,220.2,26.258,0.57,26.16,0.541,26.216,0.566
79,223.1,20.274,0.791,20.212,0.807,20.281,0.79
80,223.2,21.18,0.803,21.188,0.833,21.187,0.803
81,227.1,20.903,0.602,20.909,0.606,20.883,0.599
82,227.2,21.869,0.674,21.776,0.701,21.867,0.686
83,229.1,21.331,0.884,21.333,0.916,21.315,0.883
84,229.2,20.905,0.684,20.772,0.696,20.932,0.679
85,235.1,21.179,0.397,21.179,0.402,21.189,0.36
86,235.2,23.036,0.995,22.982,1.002,22.995,0.994
87,242.1,20.975,0.882,20.868,0.888,20.941,0.884
88,262.0,13.472,0.774,13.471,0.772,13.495,0.772
89,264.0,25.388,0.75,25.395,0.762,25.388,0.75
90,269.0,20.201,0.678,19.87,0.716,20.354,0.688
91,275.0,13.822,0.326,13.42,0.259,13.808,0.306
92,281.1,22.006,0.868,23.813,0.894,23.919,0.895
93,281.2,23.931,0.901,21.74,0.881,21.983,0.871
94,292.0,21.18,0.803,20.91,0.783,22.434,0.992
95,292.0,22.26,0.985,22.556,0.989,21.1,0.789
96,294.0,25.502,0.767,25.559,0.766,25.572,0.77
97,300.1,21.814,0.742,21.926,0.743,24.153,0.695
98,300.2,24.006,0.711,24.381,0.743,21.89,0.737
99,307.1,25.458,1.055,25.387,1.0,25.535,1.052
100,307.2,24.009,1.234,23.954,1.29,24.213,1.29
101,320.1,21.778,0.528,21.673,0.522,22.615,0.662
102,320.2,22.642,0.661,22.507,0.658,21.726,0.529
103,329.0,20.711,0.68,20.682,0.658,20.711,0.68
104,330.0,12.747,0.858,12.707,0.825,12.595,0.852
105,331.1,21.168,0.216,21.358,0.217,21.168,0.216
106,331.2,21.891,0.84,21.732,0.829,21.882,0.835
107,336.0,13.79,0.796,13.981,0.801,13.972,0.807
108,342.1,24.954,1.028,25.014,1.036,24.895,1.054
109,342.2,24.949,1.059,24.904,0.967,24.902,1.013
110,355.0,24.069,1.013,24.19,0.913,24.121,0.989
111,360.0,14.906,0.877,14.803,0.922,14.915,0.865
112,362.0,14.508,0.589,14.534,0.582,14.473,0.595
113,369.0,14.129,0.878,14.203,0.853,15.084,0.82
114,370.0,23.138,0.955,23.038,0.975,23.133,0.953
115,374.0,25.736,1.16,25.767,1.158,25.665,1.155
116,377.0,14.424,0.462,14.4,0.45,14.475,0.461
117,378.0,25.673,0.551,25.351,0.592,26.032,0.593
118,386.1,23.308,0.803,23.339,0.789,25.953,0.792
119,386.2,25.874,0.782,26.074,0.79,23.307,0.801
120,388.0,13.344,0.696,13.272,0.741,13.287,0.707
121,393.0,9.353,0.61,9.506,0.531,9.333,0.606
122,394.0,14.539,0.877,14.942,0.866,14.57,0.876
123,396.1,21.302,0.666,21.519,0.682,21.355,0.648
124,396.2,24.266,1.023,24.375,1.049,24.2,1.022
125,399.0,24.421,0.959,24.012,0.997,24.411,0.957
126,402.1,24.047,-0.258,22.769,0.498,22.791,0.499
127,402.2,22.767,0.49,24.127,-0.232,24.145,-0.264
128,406.0,14.271,1.081,14.359,1.098,14.27,1.079
129,408.0,12.962,0.698,12.638,0.692,12.965,0.697
130,413.1,23.419,0.637,27.899,0.561,27.907,0.551
131,413.2,27.901,0.552,23.343,0.644,23.509,0.619
132,424.0,14.932,0.907,14.907,0.905,14.904,0.897
133,426.0,13.669,0.875,13.793,0.877,13.638,0.869
134,428.0,21.062,0.879,21.023,0.889,21.048,0.883
135,430.1,17.048,0.18,17.255,0.169,21.867,0.686
136,430.2,21.869,0.674,21.855,0.702,17.048,0.18
137,438.0,15.804,0.885,15.65,0.913,15.84,0.879
138,442.1,26.476,0.714,24.222,0.742,26.467,0.708
139,442.2,24.101,0.773,26.074,0.79,24.219,0.779
140,446.1,19.259,0.892,19.337,0.901,19.202,0.883
141,446.2,22.031,0.886,22.027,0.935,22.135,0.922
142,456.1,23.323,0.656,26.139,0.774,23.408,0.639
143,456.2,26.087,0.713,23.482,0.679,26.214,0.706
144,461.1,23.7,0.788,23.548,0.812,23.7,0.788
145,461.2,26.908,0.851,27.035,0.816,26.908,0.851
146,463.1,20.995,0.703,21.947,0.699,22.086,0.711
147,463.2,22.086,0.711,21.067,0.673,20.984,0.717
148,470.0,16.368,1.071,16.441,1.099,16.356,1.048
149,481.0,20.702,0.887,20.393,0.896,20.682,0.88
150,482.1,21.695,0.64,21.726,0.686,21.726,0.659
151,482.2,27.549,0.645,27.541,0.64,27.528,0.645
152,484.0,26.98,0.797,27.023,0.749,27.002,0.756
153,488.1,23.325,0.882,22.073,0.407,22.115,0.373
154,488.2,22.09,0.422,23.258,0.873,23.326,0.881
155,489.0,15.447,0.6,15.424,0.6,15.45,0.592
156,505.1,23.594,0.838,23.588,0.846,23.581,0.834
157,505.2,24.705,0.67,24.559,0.661,24.686,0.695
158,513.0,25.876,0.961,25.835,0.949,25.912,0.938
159,514.0,22.264,0.47,22.017,0.488,22.073,0.467
160,515.0,22.255,0.735,22.181,0.711,22.271,0.727
161,520.1,23.932,0.683,24.039,0.704,24.216,0.672
162,520.2,26.066,-0.097,26.051,-0.097,26.074,-0.108
163,528.0,13.945,0.884,13.661,0.924,14.245,0.912
164,530.0,14.222,0.715,14.032,0.704,14.233,0.702
165,533.0,9.975,0.582,9.923,0.599,10.136,0.579
166,536.0,14.106,0.99,14.094,0.993,14.121,0.99
167,537.0,13.423,0.035,13.446,0.03,13.488,0.039
168,547.1,20.945,0.932,22.263,1.062,22.33,1.047
169,547.2,22.37,1.066,20.908,0.934,20.874,0.928
170,548.1,22.624,0.625,23.587,0.351,22.601,0.621
171,548.2,24.267,0.372,22.572,0.631,24.208,0.37
172,561.1,24.71,0.696,24.898,0.736,24.673,0.7
173,561.2,26.957,0.695,26.445,0.709,26.95,0.689
174,564.0,23.887,0.802,23.813,0.802,23.875,0.798
175,565.0,21.314,1.013,21.284,1.009,21.31,1.006
176,569.0,13.684,0.928,13.678,0.963,13.691,0.925
177,574.0,12.753,0.827,12.837,0.803,12.744,0.822
